"aaer_event_key","first_release_url","most_recent_release_url"
251,"https://www.sec.gov/litigation/admin/34-47731.htm","https://www.sec.gov/litigation/admin/2017/34-82215.pdf"
390,"https://www.sec.gov/litigation/litreleases/lr18050.htm","https://www.sec.gov/litigation/litreleases/2015/lr23247.htm"
517,"https://www.sec.gov/litigation/admin/34-42742.htm","https://www.sec.gov/litigation/admin/2012/34-67048.pdf"
521,"https://www.sec.gov/litigation/admin/33-8338.htm","https://www.sec.gov/litigation/litreleases/2012/lr22335.htm"
536,"https://www.sec.gov/litigation/admin/34-46622.htm","https://www.sec.gov/litigation/litreleases/2006/lr19935.htm"
537,"https://www.sec.gov/litigation/litreleases/lr18241.htm","https://www.sec.gov/litigation/litreleases/lr18521.htm"
538,"https://www.sec.gov/litigation/admin/34-48485.htm","https://www.sec.gov/litigation/litreleases/lr18345.htm"
539,"https://www.sec.gov/litigation/admin/33-8284.htm","https://www.sec.gov/litigation/litreleases/2007/lr20185.htm"
540,"https://www.sec.gov/litigation/litreleases/lr18044.htm","https://www.sec.gov/litigation/litreleases/2007/lr20084.htm"
541,"https://www.sec.gov/litigation/admin/34-45962.htm","https://www.sec.gov/litigation/litreleases/lr19385.htm"
542,"https://www.sec.gov/litigation/admin/34-47641.htm","https://www.sec.gov/litigation/admin/34-47641.htm"
543,"https://www.sec.gov/litigation/admin/33-8118.htm","https://www.sec.gov/litigation/admin/33-8192.htm"
544,"https://www.sec.gov/litigation/admin/34-47339.htm","https://www.sec.gov/litigation/admin/34-48578.htm"
545,"https://www.sec.gov/litigation/litreleases/lr17623.htm","https://www.sec.gov/litigation/litreleases/lr19500.htm"
546,"https://www.sec.gov/litigation/litreleases/lr16586.htm","https://www.sec.gov/litigation/aljdec/id219lamfo.htm"
547,"https://www.sec.gov/litigation/admin/33-7976.htm","https://www.sec.gov/litigation/litreleases/lr17952.htm"
548,"https://www.sec.gov/litigation/litreleases/lr16388.htm","https://www.sec.gov/litigation/admin/34-48682.htm"
549,"https://www.sec.gov/litigation/admin/34-47167.htm","https://www.sec.gov/litigation/admin/34-48224a.htm"
550,"https://www.sec.gov/litigation/litreleases/lr17904.htm","https://www.sec.gov/litigation/litreleases/lr18857.htm"
551,"https://www.sec.gov/litigation/admin/34-47000.htm","https://www.sec.gov/litigation/litreleases/lr17898.htm"
552,"https://www.sec.gov/litigation/admin/34-46988.htm","https://www.sec.gov/litigation/admin/34-49565.htm"
553,"https://www.sec.gov/litigation/litreleases/lr17588.htm","https://www.sec.gov/litigation/litreleases/2006/lr19776.htm"
554,"https://www.sec.gov/litigation/litreleases/lr17869.htm","https://www.sec.gov/litigation/litreleases/lr17869.htm"
555,"https://www.sec.gov/litigation/admin/34-46909.htm","https://www.sec.gov/litigation/admin/34-46909.htm"
556,"https://www.sec.gov/litigation/admin/34-45880.htm","https://www.sec.gov/litigation/admin/2009/34-59390.pdf"
557,"https://www.sec.gov/litigation/litreleases/lr17835.htm","https://www.sec.gov/litigation/litreleases/lr17863.htm"
558,"https://www.sec.gov/litigation/litreleases/lr17776.htm","https://www.sec.gov/litigation/admin/34-46880.htm"
559,"https://www.sec.gov/litigation/admin/34-42326.htm","https://www.sec.gov/litigation/litreleases/lr18692.htm"
560,"https://www.sec.gov/litigation/litreleases/lr17852.htm","https://www.sec.gov/litigation/litreleases/lr17852.htm"
561,"https://www.sec.gov/litigation/admin/34-46845.htm","https://www.sec.gov/litigation/admin/2011/34-65600.pdf"
562,"https://www.sec.gov/litigation/litreleases/lr17816.htm","https://www.sec.gov/litigation/litreleases/lr17843.htm"
563,"https://www.sec.gov/litigation/litreleases/lr17627.htm","https://www.sec.gov/litigation/admin/2008/34-58023.pdf"
564,"https://www.sec.gov/litigation/litreleases/lr17815.htm","https://www.sec.gov/litigation/admin/34-46813.htm"
565,"https://www.sec.gov/litigation/admin/34-44842.htm","https://www.sec.gov/litigation/admin/34-46777.htm"
566,"https://www.sec.gov/litigation/admin/34-44460.htm","https://www.sec.gov/litigation/litreleases/lr18612.htm"
567,"https://www.sec.gov/litigation/litreleases/lr17407.htm","https://www.sec.gov/litigation/admin/34-50185.htm"
568,"https://www.sec.gov/litigation/litreleases/lr17491.htm","https://www.sec.gov/litigation/litreleases/lr17984.htm"
569,"https://www.sec.gov/litigation/litreleases/lr17782.htm","https://www.sec.gov/litigation/admin/34-47442.htm"
570,"https://www.sec.gov/litigation/litreleases/lr17779.htm","https://www.sec.gov/litigation/litreleases/lr17779.htm"
571,"https://www.sec.gov/litigation/admin/33-8135.htm","https://www.sec.gov/litigation/admin/34-46870.htm"
572,"https://www.sec.gov/litigation/litreleases/lr17758.htm","https://www.sec.gov/litigation/litreleases/2007/lr20126.htm"
573,"https://www.sec.gov/litigation/litreleases/lr17752.htm","https://www.sec.gov/litigation/admin/2007/34-56445.pdf"
574,"https://www.sec.gov/litigation/litreleases/lr17313.htm","https://www.sec.gov/litigation/litreleases/lr17746.htm"
575,"https://www.sec.gov/litigation/admin/33-8134.htm","https://www.sec.gov/litigation/litreleases/2007/lr20320.htm"
576,"https://www.sec.gov/litigation/litreleases/lr17739.htm","https://www.sec.gov/litigation/admin/2013/34-69306.pdf"
577,"https://www.sec.gov/litigation/litreleases/lr17736.htm","https://www.sec.gov/litigation/litreleases/lr18511.htm"
578,"https://www.sec.gov/litigation/litreleases/lr17156.htm","https://www.sec.gov/litigation/litreleases/lr18142.htm"
579,"https://www.sec.gov/litigation/litreleases/lr17719.htm","https://www.sec.gov/litigation/litreleases/lr17719.htm"
580,"https://www.sec.gov/litigation/litreleases/lr17716.htm","https://www.sec.gov/litigation/litreleases/lr17716.htm"
581,"https://www.sec.gov/litigation/admin/33-7902.htm","https://www.sec.gov/litigation/litreleases/lr16729.htm"
582,"https://www.sec.gov/litigation/admin/34-46445.htm","https://www.sec.gov/litigation/admin/34-46445.htm"
583,"https://www.sec.gov/litigation/litreleases/lr17686.htm","https://www.sec.gov/litigation/litreleases/lr18540.htm"
584,"https://www.sec.gov/litigation/admin/34-44859.htm","https://www.sec.gov/litigation/litreleases/lr18622.htm"
585,"https://www.sec.gov/litigation/litreleases/lr17665.htm","https://www.sec.gov/litigation/litreleases/lr17665.htm"
586,"https://www.sec.gov/litigation/admin/34-43498.htm","https://www.sec.gov/litigation/aljdec/id208cfffo.htm"
587,"https://www.sec.gov/litigation/litreleases/lr17651.htm","https://www.sec.gov/litigation/litreleases/lr17651.htm"
588,"https://www.sec.gov/litigation/litreleases/lr17172.htm","https://www.sec.gov/litigation/litreleases/2009/lr20843.htm"
589,"https://www.sec.gov/litigation/admin/34-46290.htm","https://www.sec.gov/litigation/admin/34-52321.pdf"
590,"https://www.sec.gov/litigation/litreleases/lr17631.htm","https://www.sec.gov/litigation/admin/34-46254.htm"
592,"https://www.sec.gov/litigation/admin/33-8112.htm","https://www.sec.gov/litigation/admin/2010/34-63061.pdf"
593,"https://www.sec.gov/litigation/admin/34-44064.htm","https://www.sec.gov/litigation/litreleases/lr17611.htm"
594,"https://www.sec.gov/litigation/admin/34-46035.htm","https://www.sec.gov/litigation/admin/34-46175.htm"
595,"https://www.sec.gov/litigation/litreleases/lr17074.htm","https://www.sec.gov/litigation/litreleases/2007/lr19977.htm"
596,"https://www.sec.gov/litigation/admin/34-46017.htm","https://www.sec.gov/litigation/admin/34-46017.htm"
597,"https://www.sec.gov/litigation/litreleases/lr17521.htm","https://www.sec.gov/litigation/litreleases/lr17521.htm"
598,"https://www.sec.gov/litigation/litreleases/lr17522.htm","https://www.sec.gov/litigation/admin/34-51191.htm"
599,"https://www.sec.gov/litigation/admin/34-45925.htm","https://www.sec.gov/litigation/admin/34-45925.htm"
601,"https://www.sec.gov/litigation/admin/34-45853.htm","https://www.sec.gov/litigation/admin/34-45853.htm"
602,"https://www.sec.gov/litigation/admin/34-45852.htm","https://www.sec.gov/litigation/admin/34-45852.htm"
603,"https://www.sec.gov/litigation/admin/34-45507.htm","https://www.sec.gov/litigation/opinions/2006/34-54824.pdf"
604,"https://www.sec.gov/litigation/admin/33-8093.htm","https://www.sec.gov/litigation/litreleases/2011/lr21804.htm"
605,"https://www.sec.gov/litigation/litreleases/lr17465.htm","https://www.sec.gov/litigation/admin/2007/34-57008.pdf"
607,"https://www.sec.gov/litigation/admin/34-45393.htm","https://www.sec.gov/litigation/litreleases/lr18615.htm"
608,"https://www.sec.gov/litigation/admin/34-45665.htm","https://www.sec.gov/litigation/litreleases/lr17448.htm"
609,"https://www.sec.gov/litigation/admin/34-45655.htm","https://www.sec.gov/litigation/litreleases/lr18410.htm"
610,"https://www.sec.gov/litigation/admin/34-45653.htm","https://www.sec.gov/litigation/admin/34-45653.htm"
611,"https://www.sec.gov/litigation/litreleases/lr17426.htm","https://www.sec.gov/litigation/litreleases/lr17426.htm"
612,"https://www.sec.gov/litigation/admin/34-42022.htm","https://www.sec.gov/litigation/admin/34-51570.pdf"
613,"https://www.sec.gov/litigation/litreleases/lr16743.htm","https://www.sec.gov/litigation/litreleases/2010/lr21527.htm"
615,"https://www.sec.gov/litigation/admin/34-45551.htm","https://www.sec.gov/litigation/litreleases/lr17410.htm"
616,"https://www.sec.gov/litigation/admin/33-8067.htm","https://www.sec.gov/litigation/litreleases/lr18263.htm"
618,"https://www.sec.gov/litigation/litreleases/lr17389.htm","https://www.sec.gov/litigation/litreleases/lr18127.htm"
619,"https://www.sec.gov/litigation/admin/34-45441.htm","https://www.sec.gov/litigation/litreleases/lr17361.htm"
620,"https://www.sec.gov/litigation/admin/34-45362.htm","https://www.sec.gov/litigation/litreleases/lr18078.htm"
621,"https://www.sec.gov/litigation/litreleases/lr17319.htm","https://www.sec.gov/litigation/litreleases/lr17319.htm"
622,"https://www.sec.gov/litigation/admin/34-45287.htm","https://www.sec.gov/litigation/admin/34-45287.htm"
623,"https://www.sec.gov/litigation/litreleases/lr17291.htm","https://www.sec.gov/litigation/admin/2008/34-58280.pdf"
624,"https://www.sec.gov/litigation/admin/34-45279.htm","https://www.sec.gov/litigation/litreleases/lr17310.htm"
625,"https://www.sec.gov/litigation/litreleases/lr17292.htm","https://www.sec.gov/litigation/admin/34-46033.htm"
626,"https://www.sec.gov/litigation/litreleases/lr17297.htm","https://www.sec.gov/litigation/litreleases/lr17297.htm"
627,"https://www.sec.gov/litigation/litreleases/lr17002.htm","https://www.sec.gov/litigation/admin/34-45159.htm"
628,"https://www.sec.gov/litigation/admin/34-42587.htm","https://www.sec.gov/litigation/litreleases/lr17262.htm"
629,"https://www.sec.gov/litigation/admin/34-45135.htm","https://www.sec.gov/litigation/admin/34-45135.htm"
630,"https://www.sec.gov/litigation/litreleases/lr16730.htm","https://www.sec.gov/litigation/litreleases/lr17250.htm"
631,"https://www.sec.gov/litigation/litreleases/lr17204.htm","https://www.sec.gov/litigation/litreleases/lr17204.htm"
632,"https://www.sec.gov/litigation/investreport/34-44969.htm","https://www.sec.gov/litigation/admin/34-44970.htm"
633,"https://www.sec.gov/litigation/admin/33-8025.htm","https://www.sec.gov/litigation/litreleases/lr19413.htm"
634,"https://www.sec.gov/litigation/litreleases/lr17167.htm","https://www.sec.gov/litigation/litreleases/lr17196.htm"
635,"https://www.sec.gov/litigation/admin/34-44902.htm","https://www.sec.gov/litigation/litreleases/lr17169.htm"
636,"https://www.sec.gov/litigation/litreleases/lr16734.htm","https://www.sec.gov/litigation/litreleases/lr18370.htm"
637,"https://www.sec.gov/litigation/litreleases/lr16728.htm","https://www.sec.gov/litigation/litreleases/lr17564.htm"
638,"https://www.sec.gov/litigation/admin/34-44816.htm","https://www.sec.gov/litigation/litreleases/lr18171.htm"
639,"https://www.sec.gov/litigation/admin/34-44633.htm","https://www.sec.gov/litigation/admin/34-44711.htm"
640,"https://www.sec.gov/litigation/admin/34-43361.htm","https://www.sec.gov/litigation/litreleases/lr18357.htm"
641,"https://www.sec.gov/litigation/admin/34-43497.htm","https://www.sec.gov/litigation/admin/2009/34-59363.pdf"
642,"https://www.sec.gov/litigation/admin/34-44581.htm","https://www.sec.gov/litigation/admin/34-44581.htm"
643,"https://www.sec.gov/litigation/admin/34-43359.htm","https://www.sec.gov/litigation/admin/34-44511.htm"
644,"https://www.sec.gov/litigation/litreleases/lr17058.htm","https://www.sec.gov/litigation/litreleases/lr17058.htm"
645,"https://www.sec.gov/litigation/admin/34-44473.htm","https://www.sec.gov/litigation/admin/34-44473.htm"
646,"https://www.sec.gov/litigation/admin/34-44444.htm","https://www.sec.gov/litigation/opinions/34-49182.htm"
647,"https://www.sec.gov/litigation/admin/34-43883.htm","https://www.sec.gov/litigation/litreleases/lr17024.htm"
648,"https://www.sec.gov/litigation/admin/34-44388.htm","https://www.sec.gov/litigation/admin/34-44388.htm"
649,"https://www.sec.gov/litigation/litreleases/lr16924.htm","https://www.sec.gov/litigation/litreleases/lr16924.htm"
650,"https://www.sec.gov/litigation/admin/34-43360.htm","https://www.sec.gov/litigation/admin/34-43532.htm"
651,"https://www.sec.gov/litigation/litreleases/lr16709.htm","https://www.sec.gov/litigation/admin/34-52813.pdf"
652,"https://www.sec.gov/litigation/admin/34-43183.htm","https://www.sec.gov/litigation/admin/34-43183.htm"
653,"https://www.sec.gov/litigation/admin/34-43068.htm","https://www.sec.gov/litigation/litreleases/lr16634.htm"
654,"https://www.sec.gov/litigation/litreleases/lr16625.htm","https://www.sec.gov/litigation/litreleases/lr16625.htm"
659,"https://www.sec.gov/litigation/admin/34-42987.htm","https://www.sec.gov/litigation/litreleases/lr16614.htm"
660,"https://www.sec.gov/litigation/admin/34-42432.htm","https://www.sec.gov/litigation/admin/34-42981.htm"
661,"https://www.sec.gov/litigation/admin/34-42979.htm","https://www.sec.gov/litigation/litreleases/lr16609.htm"
662,"https://www.sec.gov/litigation/admin/34-42968.htm","https://www.sec.gov/litigation/litreleases/lr19557.htm"
663,"https://www.sec.gov/litigation/litreleases/lr16587.htm","https://www.sec.gov/litigation/litreleases/2010/lr21548.htm"
664,"https://www.sec.gov/litigation/admin/34-42879.htm","https://www.sec.gov/litigation/litreleases/lr16580.htm"
665,"https://www.sec.gov/litigation/admin/34-42021.htm","https://www.sec.gov/litigation/litreleases/lr16518.htm"
666,"https://www.sec.gov/litigation/litreleases/lr16516.htm","https://www.sec.gov/litigation/admin/34-42673.htm"
667,"https://www.sec.gov/litigation/litreleases/lr16492.htm","https://www.sec.gov/litigation/litreleases/lr16492.htm"
668,"https://www.sec.gov/litigation/admin/34-42547.htm","https://www.sec.gov/litigation/litreleases/lr16476.htm"
669,"https://www.sec.gov/litigation/litreleases/lr16466.htm","https://www.sec.gov/litigation/litreleases/lr16466.htm"
670,"https://www.sec.gov/litigation/litreleases/lr16444.htm","https://www.sec.gov/litigation/litreleases/lr16444.htm"
671,"https://www.sec.gov/litigation/admin/34-42109.htm","https://www.sec.gov/litigation/admin/34-42420.htm"
672,"https://www.sec.gov/litigation/admin/34-42410.htm","https://www.sec.gov/litigation/admin/2008/34-57709.pdf"
673,"https://www.sec.gov/litigation/admin/34-42394.htm","https://www.sec.gov/litigation/admin/34-43622.htm"
674,"https://www.sec.gov/litigation/admin/34-42392.htm","https://www.sec.gov/litigation/litreleases/2007/lr20124.htm"
675,"https://www.sec.gov/litigation/litreleases/lr16409.htm","https://www.sec.gov/litigation/litreleases/lr16409.htm"
676,"https://www.sec.gov/litigation/admin/34-42229.htm","https://www.sec.gov/litigation/admin/34-42229.htm"
677,"https://www.sec.gov/litigation/admin/34-42031.htm","https://www.sec.gov/litigation/admin/34-42199.htm"
678,"https://www.sec.gov/litigation/litreleases/lr16354.htm","https://www.sec.gov/litigation/litreleases/lr16354.htm"
679,"https://www.sec.gov/litigation/admin/34-42139.htm","https://www.sec.gov/litigation/litreleases/lr18695.htm"
680,"https://www.sec.gov/litigation/admin/34-42079.htm","https://www.sec.gov/litigation/admin/34-42082.htm"
681,"https://www.sec.gov/litigation/admin/34-42030.htm","https://www.sec.gov/litigation/aljdec/id184fo.htm"
759,"https://www.sec.gov/litigation/admin/34-42387.htm","https://www.sec.gov/litigation/admin/34-42387.htm"
760,"https://www.sec.gov/litigation/admin/33-7854.htm","https://www.sec.gov/litigation/admin/33-7854.htm"
762,"https://www.sec.gov/litigation/admin/34-42828.htm","https://www.sec.gov/litigation/litreleases/2013/lr22875.htm"
766,"https://www.sec.gov/litigation/admin/34-42045.htm","https://www.sec.gov/litigation/litreleases/lr16417.htm"
767,"https://www.sec.gov/litigation/litreleases/lr16344.htm","https://www.sec.gov/litigation/admin/34-43249.htm"
796,"https://www.sec.gov/litigation/litreleases/lr18358.htm","https://www.sec.gov/litigation/litreleases/2009/lr21213.htm"
805,"https://www.sec.gov/litigation/litreleases/lr17996.htm","https://www.sec.gov/litigation/admin/2009/34-60484.pdf"
809,"https://www.sec.gov/litigation/admin/34-42124.htm","https://www.sec.gov/litigation/admin/34-50995.htm"
811,"https://www.sec.gov/litigation/admin/34-42157.htm","https://www.sec.gov/litigation/admin/34-42157.htm"
812,"https://www.sec.gov/litigation/admin/34-42047.htm","https://www.sec.gov/litigation/admin/34-42316.htm"
813,"https://www.sec.gov/litigation/admin/34-42438.htm","https://www.sec.gov/litigation/admin/34-42438.htm"
814,"https://www.sec.gov/litigation/litreleases/lr16457.htm","https://www.sec.gov/litigation/litreleases/lr16457.htm"
815,"https://www.sec.gov/litigation/litreleases/lr16480.htm","https://www.sec.gov/litigation/admin/34-42901.htm"
816,"https://www.sec.gov/litigation/admin/33-7851.htm","https://www.sec.gov/litigation/admin/33-7851.htm"
817,"https://www.sec.gov/litigation/admin/34-42695.htm","https://www.sec.gov/litigation/admin/34-44240.htm"
818,"https://www.sec.gov/litigation/admin/34-42813.htm","https://www.sec.gov/litigation/litreleases/lr16562.htm"
819,"https://www.sec.gov/litigation/admin/33-7859.htm","https://www.sec.gov/litigation/litreleases/lr16689.htm"
820,"https://www.sec.gov/litigation/admin/34-42399.htm","https://www.sec.gov/litigation/litreleases/lr16433.htm"
833,"https://www.sec.gov/litigation/litreleases/lr18189.htm","https://www.sec.gov/litigation/admin/2009/34-59903.pdf"
838,"https://www.sec.gov/litigation/admin/34-42096.htm","https://www.sec.gov/litigation/opinions/34-51920.pdf"
839,"https://www.sec.gov/litigation/litreleases/lr16347.htm","https://www.sec.gov/litigation/admin/34-43446.htm"
840,"https://www.sec.gov/litigation/litreleases/lr16627.htm","https://www.sec.gov/litigation/litreleases/lr17770.htm"
841,"https://www.sec.gov/litigation/admin/34-43071.htm","https://www.sec.gov/litigation/admin/34-43071.htm"
842,"https://www.sec.gov/litigation/admin/34-43123.htm","https://www.sec.gov/litigation/admin/34-43123.htm"
843,"https://www.sec.gov/litigation/admin/34-43160.htm","https://www.sec.gov/litigation/litreleases/lr16657.htm"
844,"https://www.sec.gov/litigation/litreleases/lr16663.htm","https://www.sec.gov/litigation/admin/34-43327.htm"
845,"https://www.sec.gov/litigation/opinions/34-43235.htm","https://www.sec.gov/litigation/opinions/34-43235.htm"
846,"https://www.sec.gov/litigation/litreleases/lr16692.htm","https://www.sec.gov/litigation/litreleases/lr16692.htm"
847,"https://www.sec.gov/litigation/litreleases/lr16702.htm","https://www.sec.gov/litigation/litreleases/lr16702.htm"
848,"https://www.sec.gov/litigation/litreleases/lr16722.htm","https://www.sec.gov/litigation/admin/34-43389.htm"
849,"https://www.sec.gov/litigation/litreleases/lr16725.htm","https://www.sec.gov/litigation/litreleases/lr18706.htm"
850,"https://www.sec.gov/litigation/admin/33-7903.htm","https://www.sec.gov/litigation/litreleases/2007/lr20231.htm"
851,"https://www.sec.gov/litigation/litreleases/lr16751.htm","https://www.sec.gov/litigation/litreleases/lr16751.htm"
852,"https://www.sec.gov/litigation/admin/34-43416.htm","https://www.sec.gov/litigation/litreleases/lr16753.htm"
853,"https://www.sec.gov/litigation/admin/34-43445.htm","https://www.sec.gov/litigation/litreleases/lr16767.htm"
854,"https://www.sec.gov/litigation/litreleases/lr16792.htm","https://www.sec.gov/litigation/litreleases/lr16792.htm"
855,"https://www.sec.gov/litigation/admin/34-43570.htm","https://www.sec.gov/litigation/admin/34-43570.htm"
856,"https://www.sec.gov/litigation/admin/33-7916.htm","https://www.sec.gov/litigation/admin/33-7916.htm"
857,"https://www.sec.gov/litigation/admin/33-7917.htm","https://www.sec.gov/litigation/admin/33-7917.htm"
858,"https://www.sec.gov/litigation/admin/34-43962.htm","https://www.sec.gov/litigation/admin/34-43962.htm"
859,"https://www.sec.gov/litigation/admin/34-44130.htm","https://www.sec.gov/litigation/admin/34-44136.htm"
860,"https://www.sec.gov/litigation/litreleases/lr16962.htm","https://www.sec.gov/litigation/litreleases/lr17586.htm"
861,"https://www.sec.gov/litigation/litreleases/lr16964.htm","https://www.sec.gov/litigation/litreleases/lr16964.htm"
862,"https://www.sec.gov/litigation/admin/34-44193.htm","https://www.sec.gov/litigation/litreleases/lr16968.htm"
863,"https://www.sec.gov/litigation/litreleases/lr16975.htm","https://www.sec.gov/litigation/litreleases/lr16975.htm"
864,"https://www.sec.gov/litigation/admin/34-44229.htm","https://www.sec.gov/litigation/admin/34-44229.htm"
865,"https://www.sec.gov/litigation/admin/34-44308.htm","https://www.sec.gov/litigation/admin/34-44308.htm"
866,"https://www.sec.gov/litigation/admin/34-44346.htm","https://www.sec.gov/litigation/admin/34-44346.htm"
867,"https://www.sec.gov/litigation/litreleases/lr17042.htm","https://www.sec.gov/litigation/admin/34-53334.pdf"
868,"https://www.sec.gov/litigation/admin/34-44761.htm","https://www.sec.gov/litigation/litreleases/lr17115.htm"
869,"https://www.sec.gov/litigation/admin/34-44764.htm","https://www.sec.gov/litigation/litreleases/lr17116.htm"
870,"https://www.sec.gov/litigation/admin/33-8001.htm","https://www.sec.gov/litigation/litreleases/lr17123.htm"
871,"https://www.sec.gov/litigation/admin/34-44784.htm","https://www.sec.gov/litigation/litreleases/2007/lr20094.htm"
872,"https://www.sec.gov/litigation/admin/34-42781.htm","https://www.sec.gov/litigation/litreleases/lr16552.htm"
874,"https://www.sec.gov/litigation/admin/34-44613.htm","https://www.sec.gov/litigation/admin/34-44613.htm"
875,"https://www.sec.gov/litigation/litreleases/lr17309.htm","https://www.sec.gov/litigation/litreleases/lr17309.htm"
876,"https://www.sec.gov/litigation/admin/34-44444.htm","https://www.sec.gov/litigation/litreleases/2011/lr22054.htm"
877,"https://www.sec.gov/litigation/admin/34-45458.htm","https://www.sec.gov/litigation/admin/34-45458.htm"
878,"https://www.sec.gov/litigation/litreleases/lr17398.htm","https://www.sec.gov/litigation/litreleases/lr17398.htm"
879,"https://www.sec.gov/litigation/admin/34-46953.htm","https://www.sec.gov/litigation/litreleases/lr17880.htm"
880,"https://www.sec.gov/litigation/admin/34-46979.htm","https://www.sec.gov/litigation/litreleases/lr17887.htm"
881,"https://www.sec.gov/litigation/admin/34-45611.htm","https://www.sec.gov/litigation/admin/34-45615.htm"
882,"https://www.sec.gov/litigation/litreleases/lr17979.htm","https://www.sec.gov/litigation/litreleases/lr18162.htm"
883,"https://www.sec.gov/litigation/admin/33-8196.htm","https://www.sec.gov/litigation/litreleases/lr18002.htm"
884,"https://www.sec.gov/litigation/admin/34-47439.htm","https://www.sec.gov/litigation/admin/34-47440.htm"
885,"https://www.sec.gov/litigation/admin/34-47454.htm","https://www.sec.gov/litigation/litreleases/lr18025.htm"
886,"https://www.sec.gov/litigation/admin/34-47473.htm","https://www.sec.gov/litigation/litreleases/2007/lr20369.htm"
887,"https://www.sec.gov/litigation/litreleases/lr18022.htm","https://www.sec.gov/litigation/admin/2014/34-71770.pdf"
888,"https://www.sec.gov/litigation/litreleases/lr18020.htm","https://www.sec.gov/litigation/admin/2006/34-54689.pdf"
889,"https://www.sec.gov/litigation/litreleases/lr18058.htm","https://www.sec.gov/litigation/litreleases/lr18058.htm"
890,"https://www.sec.gov/litigation/admin/34-47727.htm","https://www.sec.gov/litigation/admin/34-47727.htm"
891,"https://www.sec.gov/litigation/litreleases/lr18120.htm","https://www.sec.gov/litigation/litreleases/lr18656.htm"
892,"https://www.sec.gov/litigation/admin/34-45666.htm","https://www.sec.gov/litigation/admin/34-45666.htm"
893,"https://www.sec.gov/litigation/litreleases/lr17458.htm","https://www.sec.gov/litigation/litreleases/lr17458.htm"
894,"https://www.sec.gov/litigation/admin/34-47802.htm","https://www.sec.gov/litigation/litreleases/lr18126.htm"
895,"https://www.sec.gov/litigation/admin/34-47808.htm","https://www.sec.gov/litigation/litreleases/lr18519.htm"
896,"https://www.sec.gov/litigation/litreleases/lr17484.htm","https://www.sec.gov/litigation/admin/2011/34-63940.pdf"
897,"https://www.sec.gov/litigation/admin/33-8232.htm","https://www.sec.gov/litigation/admin/33-8551.htm"
898,"https://www.sec.gov/litigation/litreleases/lr18136.htm","https://www.sec.gov/litigation/admin/2008/34-57516.pdf"
899,"https://www.sec.gov/litigation/admin/34-47860.htm","https://www.sec.gov/litigation/admin/34-47860.htm"
900,"https://www.sec.gov/litigation/litreleases/lr18139.htm","https://www.sec.gov/litigation/admin/2010/34-61432.pdf"
901,"https://www.sec.gov/litigation/litreleases/lr17366.htm","https://www.sec.gov/litigation/litreleases/lr17456.htm"
902,"https://www.sec.gov/litigation/litreleases/lr17722.htm","https://www.sec.gov/litigation/litreleases/2009/lr21129.htm"
903,"https://www.sec.gov/litigation/admin/34-46322.htm","https://www.sec.gov/litigation/litreleases/lr17667.htm"
904,"https://www.sec.gov/litigation/admin/34-46273.htm","https://www.sec.gov/litigation/admin/34-46273.htm"
905,"https://www.sec.gov/litigation/admin/34-46215.htm","https://www.sec.gov/litigation/admin/34-46215.htm"
906,"https://www.sec.gov/litigation/litreleases/lr17578.htm","https://www.sec.gov/litigation/litreleases/lr19617.htm"
907,"https://www.sec.gov/litigation/admin/34-46099.htm","https://www.sec.gov/litigation/litreleases/lr18728.htm"
908,"https://www.sec.gov/litigation/admin/33-8104.htm","https://www.sec.gov/litigation/litreleases/lr17557.htm"
909,"https://www.sec.gov/litigation/litreleases/lr16888.htm","https://www.sec.gov/litigation/admin/34-48341.htm"
910,"https://www.sec.gov/litigation/litreleases/lr17859a.htm","https://www.sec.gov/litigation/admin/2010/34-62486.pdf"
911,"https://www.sec.gov/litigation/litreleases/lr17692.htm","https://www.sec.gov/litigation/admin/2013/34-68661.pdf"
912,"https://www.sec.gov/litigation/litreleases/lr18469.htm","https://www.sec.gov/litigation/litreleases/lr18469.htm"
913,"https://www.sec.gov/litigation/admin/34-48901.htm","https://www.sec.gov/litigation/admin/34-48901.htm"
914,"https://www.sec.gov/litigation/admin/34-48546.htm","https://www.sec.gov/litigation/opinions/34-51950.pdf"
915,"https://www.sec.gov/litigation/litreleases/lr18504.htm","https://www.sec.gov/litigation/litreleases/lr18566.htm"
916,"https://www.sec.gov/litigation/admin/34-48549.htm","https://www.sec.gov/litigation/admin/34-48549.htm"
917,"https://www.sec.gov/litigation/litreleases/lr18371.htm","https://www.sec.gov/litigation/litreleases/lr19532.htm"
918,"https://www.sec.gov/litigation/litreleases/lr18382.htm","https://www.sec.gov/litigation/litreleases/lr18739.htm"
919,"https://www.sec.gov/litigation/admin/34-48580.htm","https://www.sec.gov/litigation/admin/34-48580.htm"
920,"https://www.sec.gov/litigation/litreleases/lr18388.htm","https://www.sec.gov/litigation/litreleases/lr18773.htm"
921,"https://www.sec.gov/litigation/admin/34-48608.htm","https://www.sec.gov/litigation/litreleases/lr18402.htm"
922,"https://www.sec.gov/litigation/admin/34-48629.htm","https://www.sec.gov/litigation/admin/34-48679.htm"
923,"https://www.sec.gov/litigation/admin/34-48654.htm","https://www.sec.gov/litigation/admin/34-48655.htm"
924,"https://www.sec.gov/litigation/admin/34-48951.htm","https://www.sec.gov/litigation/litreleases/lr18514.htm"
925,"https://www.sec.gov/litigation/admin/34-48638.htm","https://www.sec.gov/litigation/litreleases/lr18412.htm"
926,"https://www.sec.gov/litigation/admin/34-48961.htm","https://www.sec.gov/litigation/admin/34-48961.htm"
927,"https://www.sec.gov/litigation/admin/34-48962.htm","https://www.sec.gov/litigation/litreleases/lr18536.htm"
928,"https://www.sec.gov/litigation/admin/34-48783.htm","https://www.sec.gov/litigation/admin/34-48783.htm"
929,"https://www.sec.gov/litigation/litreleases/lr18523.htm","https://www.sec.gov/litigation/admin/2008/34-57612.pdf"
930,"https://www.sec.gov/litigation/litreleases/lr18527.htm","https://www.sec.gov/litigation/litreleases/lr18803.htm"
931,"https://www.sec.gov/litigation/litreleases/lr18199.htm","https://www.sec.gov/litigation/admin/2009/34-59817.pdf"
936,"https://www.sec.gov/litigation/admin/34-48182.htm","https://www.sec.gov/litigation/admin/34-48182.htm"
937,"https://www.sec.gov/litigation/litreleases/lr18229.htm","https://www.sec.gov/litigation/litreleases/lr18686.htm"
938,"https://www.sec.gov/litigation/admin/34-48214.htm","https://www.sec.gov/litigation/admin/34-48214.htm"
939,"https://www.sec.gov/litigation/admin/33-8259.htm","https://www.sec.gov/litigation/opinions/33-8555.pdf"
940,"https://www.sec.gov/litigation/litreleases/lr18271.htm","https://www.sec.gov/litigation/admin/34-48282.htm"
941,"https://www.sec.gov/litigation/litreleases/lr18275.htm","https://www.sec.gov/litigation/litreleases/lr19286.htm"
942,"https://www.sec.gov/litigation/admin/34-48296.htm","https://www.sec.gov/litigation/admin/34-51057.htm"
943,"https://www.sec.gov/litigation/admin/33-7994.htm","https://www.sec.gov/litigation/litreleases/lr18871.htm"
944,"https://www.sec.gov/litigation/admin/34-48330.htm","https://www.sec.gov/litigation/admin/34-48330.htm"
945,"https://www.sec.gov/litigation/admin/34-45941.htm","https://www.sec.gov/litigation/admin/34-45941.htm"
946,"https://www.sec.gov/litigation/admin/34-43724.htm","https://www.sec.gov/litigation/admin/2007/34-56755.pdf"
947,"https://www.sec.gov/litigation/admin/34-46052.htm","https://www.sec.gov/litigation/litreleases/lr17550.htm"
948,"https://www.sec.gov/litigation/litreleases/lr18000.htm","https://www.sec.gov/litigation/litreleases/lr18000.htm"
949,"https://www.sec.gov/litigation/litreleases/lr16835.htm","https://www.sec.gov/litigation/litreleases/lr16835.htm"
950,"https://www.sec.gov/litigation/admin/34-43809.htm","https://www.sec.gov/litigation/litreleases/lr16887.htm"
951,"https://www.sec.gov/litigation/litreleases/lr16866.htm","https://www.sec.gov/litigation/litreleases/lr19165a.htm"
952,"https://www.sec.gov/litigation/admin/33-7953.htm","https://www.sec.gov/litigation/admin/33-7953.htm"
953,"https://www.sec.gov/litigation/admin/34-48480.htm","https://www.sec.gov/litigation/admin/34-48536.htm"
954,"https://www.sec.gov/litigation/litreleases/lr18374.htm","https://www.sec.gov/litigation/admin/34-51374.pdf"
955,"https://www.sec.gov/litigation/admin/33-8296.htm","https://www.sec.gov/litigation/admin/33-8296.htm"
956,"https://www.sec.gov/litigation/litreleases/lr18387.htm","https://www.sec.gov/litigation/litreleases/lr19487.htm"
957,"https://www.sec.gov/litigation/admin/34-46954.htm","https://www.sec.gov/litigation/admin/34-46954.htm"
958,"https://www.sec.gov/litigation/admin/34-47894.htm","https://www.sec.gov/litigation/admin/34-47894.htm"
959,"https://www.sec.gov/litigation/admin/34-47907.htm","https://www.sec.gov/litigation/admin/34-47907.htm"
960,"https://www.sec.gov/litigation/admin/34-47997.htm","https://www.sec.gov/litigation/admin/34-47997.htm"
961,"https://www.sec.gov/litigation/litreleases/lr18201.htm","https://www.sec.gov/litigation/admin/34-48085.htm"
962,"https://www.sec.gov/litigation/admin/34-44264.htm","https://www.sec.gov/litigation/admin/34-44264.htm"
963,"https://www.sec.gov/litigation/litreleases/lr16738.htm","https://www.sec.gov/litigation/litreleases/lr16738.htm"
965,"https://www.sec.gov/litigation/admin/34-43761.htm","https://www.sec.gov/litigation/litreleases/lr16839.htm"
966,"https://www.sec.gov/litigation/opinions/34-43862.htm","https://www.sec.gov/litigation/admin/34-44050.htm"
967,"https://www.sec.gov/litigation/litreleases/lr18464.htm","https://www.sec.gov/litigation/litreleases/lr19279.htm"
968,"https://www.sec.gov/litigation/admin/34-44072.htm","https://www.sec.gov/litigation/admin/34-44072.htm"
969,"https://www.sec.gov/litigation/litreleases/lr16948.htm","https://www.sec.gov/litigation/litreleases/lr16948.htm"
972,"https://www.sec.gov/litigation/litreleases/lr17118.htm","https://www.sec.gov/litigation/admin/34-52763.pdf"
973,"https://www.sec.gov/litigation/admin/34-44814.htm","https://www.sec.gov/litigation/admin/34-50424.htm"
988,"https://www.sec.gov/litigation/admin/34-44858.htm","https://www.sec.gov/litigation/admin/34-44858.htm"
992,"https://www.sec.gov/litigation/admin/34-47405.htm","https://www.sec.gov/litigation/admin/2007/34-56562.pdf"
998,"https://www.sec.gov/litigation/opinions/34-48372.htm","https://www.sec.gov/litigation/opinions/34-50480.htm"
1157,"https://www.sec.gov/litigation/litreleases/lr18403.htm","https://www.sec.gov/litigation/litreleases/2015/lr23422.htm"
1174,"https://www.sec.gov/litigation/admin/34-48542.htm","https://www.sec.gov/litigation/admin/2007/34-55133.pdf"
1281,"https://www.sec.gov/litigation/litreleases/lr18503.htm","https://www.sec.gov/litigation/litreleases/lr18503.htm"
1288,"https://www.sec.gov/litigation/litreleases/lr18485.htm","https://www.sec.gov/litigation/litreleases/lr18702.htm"
1309,"https://www.sec.gov/litigation/admin/34-45272.htm","https://www.sec.gov/litigation/admin/34-45272.htm"
1310,"https://www.sec.gov/litigation/admin/34-45964.htm","https://www.sec.gov/litigation/admin/33-8146.htm"
1312,"https://www.sec.gov/litigation/admin/33-8052.htm","https://www.sec.gov/litigation/admin/33-8052.htm"
1316,"https://www.sec.gov/litigation/admin/34-47979.htm","https://www.sec.gov/litigation/admin/2008/34-59058.pdf"
1318,"https://www.sec.gov/litigation/admin/34-46130.htm","https://www.sec.gov/litigation/admin/34-46130.htm"
1319,"https://www.sec.gov/litigation/admin/34-46216.htm","https://www.sec.gov/litigation/admin/34-46216.htm"
1320,"https://www.sec.gov/litigation/admin/34-47900.htm","https://www.sec.gov/litigation/admin/34-47901.htm"
1328,"https://www.sec.gov/litigation/litreleases/lr18252.htm","https://www.sec.gov/litigation/litreleases/lr18252.htm"
1329,"https://www.sec.gov/litigation/admin/34-48230.htm","https://www.sec.gov/litigation/admin/34-48230.htm"
1330,"https://www.sec.gov/litigation/opinions/34-48246.htm","https://www.sec.gov/litigation/opinions/34-48246.htm"
1331,"https://www.sec.gov/litigation/litreleases/lr18293.htm","https://www.sec.gov/litigation/litreleases/lr18293.htm"
1337,"https://www.sec.gov/litigation/admin/34-42586.htm","https://www.sec.gov/litigation/litreleases/lr16489.htm"
1339,"https://www.sec.gov/litigation/litreleases/lr18332.htm","https://www.sec.gov/litigation/litreleases/lr18332.htm"
